n,alive_unvax,vaxany,vaxpfizer,vaxaz,vaxpfizer_pct,vaxaz_pct,dead_unvax,dereg_unvax,pt_days,pt_years,pt_days_vax,pt_years_vax,pt_pct_vax,fup_min,fup_q1,fup_median,fup_q3,max_fup
1734675,112353,1622322,704492,918028,0.43424918111201105,0.5658728661757654,7071,6229,133076732,364344.2354551677,39867340,109150.82819986311,0.299581597780745,1,77,77,77,77
