criteria,n,n_exclude,pct_exclude,pct_all,pct_step
c0_all,1887161,NA,NA,1,NA
c1_1yearfup,1836260,50901,0.026972261508159612,0.9730277384918404,0.9730277384918404
c2_notmissing,1691884,144376,0.0786250313136484,0.8965234020838709,0.9213749686863516
c3_previousvaccine,1680353,11531,0.006815479075397604,0.8904131655963641,0.9931845209246024
c4_knownbrand,1679479,874,5.201288062686828e-4,0.8899500360594566,0.9994798711937313
c5_noncarehome,1666278,13201,0.007860175685435782,0.8829548724247692,0.9921398243145643
c6_nonendoflife,1646401,19877,0.011928981838564754,0.872422119787342,0.9880710181614353
c7_nopriorcovid,1617088,29313,0.01780428947747238,0.856889263820098,0.9821957105225276
