obs,patients,coviddeath,noncoviddeath,death,dereg,outcome,rate_coviddeath,rate_noncoviddeath,rate_death,rate_dereg,incidencerate_coviddeath,incidencerate_noncoviddeath,incidencerate_death,incidencerate_dereg
3263617,75304,30,120,150,219,3888,3.9838521194093276e-4,0.001593540847763731,0.0019919260597046637,0.002908212047168809,9.192255096109624e-6,3.6769020384438495e-5,4.596127548054812e-5,6.710346220160025e-5
