obs,patients,coviddeath,noncoviddeath,death,dereg,outcome,rate_coviddeath,rate_noncoviddeath,rate_death,rate_dereg,incidencerate_coviddeath,incidencerate_noncoviddeath,incidencerate_death,incidencerate_dereg
3655785,75284,27,145,172,228,4057,3.5864194251102494e-4,0.001926040061633282,0.002284682004144307,0.003028531958981988,7.385554675671573e-6,3.9663163998976965e-5,4.7048718674648534e-5,6.23669061501155e-5
