obs,patients,coviddeath,noncoviddeath,death,dereg,outcome,rate_coviddeath,rate_noncoviddeath,rate_death,rate_dereg,incidencerate_coviddeath,incidencerate_noncoviddeath,incidencerate_death,incidencerate_dereg
9831427,146006,43,387,430,418,4538,2.945084448584305e-4,0.002650576003725874,0.002945084448584305,0.0028628960453679986,4.373729266361842e-6,3.936356339725657e-5,4.3737292663618415e-5,4.251671705440116e-5
