obs,patients,coviddeath,noncoviddeath,death,dereg,outcome,rate_coviddeath,rate_noncoviddeath,rate_death,rate_dereg,incidencerate_coviddeath,incidencerate_noncoviddeath,incidencerate_death,incidencerate_dereg
5116281,81925,56,179,235,262,10774,6.83552029295087e-4,0.002184925236496796,0.0028684772657918828,0.003198046994202014,1.0945450416034615e-5,3.498635043696779e-5,4.593180085300241e-5,5.120907158930481e-5
