obs,patients,coviddeath,noncoviddeath,death,dereg,outcome,rate_coviddeath,rate_noncoviddeath,rate_death,rate_dereg,incidencerate_coviddeath,incidencerate_noncoviddeath,incidencerate_death,incidencerate_dereg
3781158,81903,53,151,204,238,9460,6.471069435796002e-4,0.0018436443109532007,0.002490751254532801,0.002905876463621601,1.4016869964174996e-5,3.9934855935668385e-5,5.395172589984338e-5,6.294368021648394e-5
