obs,patients,coviddeath,noncoviddeath,death,dereg,outcome,rate_coviddeath,rate_noncoviddeath,rate_death,rate_dereg,incidencerate_coviddeath,incidencerate_noncoviddeath,incidencerate_death,incidencerate_dereg
10091315,149019,1515,3459,4974,785,4974,0.01016648883699394,0.023211805206047553,0.03337829404304149,0.005267784644911052,1.501290961584293e-4,3.4276999578350295e-4,4.928990919419322e-4,7.778966368605083e-5
