obs,patients,coviddeath,noncoviddeath,death,dereg,outcome,rate_coviddeath,rate_noncoviddeath,rate_death,rate_dereg,incidencerate_coviddeath,incidencerate_noncoviddeath,incidencerate_death,incidencerate_dereg
6649396,149019,1345,2503,3848,636,3848,0.009025694710070527,0.016796515880525303,0.02582221059059583,0.00426791214543112,2.0227401105303398e-4,3.7642516703772794e-4,5.786991780907619e-4,9.564778515221533e-5
