obs,patients,coviddeath,noncoviddeath,death,dereg,outcome,rate_coviddeath,rate_noncoviddeath,rate_death,rate_dereg,incidencerate_coviddeath,incidencerate_noncoviddeath,incidencerate_death,incidencerate_dereg
4966500,75304,32,171,203,251,4538,4.2494422607032827e-4,0.0022707957080633167,0.002695739934133645,0.0033331562732391374,6.443169233866909e-6,3.443068559347629e-5,4.08738548273432e-5,5.053860867814356e-5
