obs,patients,coviddeath,noncoviddeath,death,dereg,outcome,rate_coviddeath,rate_noncoviddeath,rate_death,rate_dereg,incidencerate_coviddeath,incidencerate_noncoviddeath,incidencerate_death,incidencerate_dereg
7181427,145947,38,331,369,380,4057,2.603684899312764e-4,0.00226794658334875,0.0025283150732800263,0.0026036848993127642,5.291427455852437e-6,4.60911181022936e-5,5.138254555814603e-5,5.291427455852437e-5
