obs,patients,coviddeath,noncoviddeath,death,dereg,outcome,rate_coviddeath,rate_noncoviddeath,rate_death,rate_dereg,incidencerate_coviddeath,incidencerate_noncoviddeath,incidencerate_death,incidencerate_dereg
3448039,78481,1345,2503,3848,502,3848,0.017137905989984836,0.031893069660172524,0.04903097565015736,0.006396452644589136,3.900767943750056e-4,7.259198634354194e-4,0.001115996657810425,1.4559000057713965e-4
