obs,patients,coviddeath,noncoviddeath,death,dereg,outcome,rate_coviddeath,rate_noncoviddeath,rate_death,rate_dereg,incidencerate_coviddeath,incidencerate_noncoviddeath,incidencerate_death,incidencerate_dereg
6466360,146006,41,278,319,363,3888,2.808103776557128e-4,0.00190403134117776,0.0021848417188334726,0.0024861991972932617,6.34050686939793e-6,4.299172950469816e-5,4.933223637409609e-5,5.6136682770523136e-5
