obs,patients,coviddeath,noncoviddeath,death,dereg,outcome,rate_coviddeath,rate_noncoviddeath,rate_death,rate_dereg,incidencerate_coviddeath,incidencerate_noncoviddeath,incidencerate_death,incidencerate_dereg
3387096,81925,54,128,182,229,9211,6.591394568202624e-4,0.0015624046383887701,0.0022215440952090327,0.0027952395483674094,1.594286078693961e-5,3.7790484828301294e-5,5.37333456152409e-5,6.760953926313279e-5
