obs,patients,coviddeath,noncoviddeath,death,dereg,outcome,rate_coviddeath,rate_noncoviddeath,rate_death,rate_dereg,incidencerate_coviddeath,incidencerate_noncoviddeath,incidencerate_death,incidencerate_dereg
7286396,152199,63,335,398,389,9460,4.1393176039264385e-4,0.002201065710024376,0.00261499747041702,0.002555864361789499,8.646249805802485e-6,4.597609023720369e-5,5.462234004300617e-5,5.3387161499320104e-5
