obs,patients,coviddeath,noncoviddeath,death,dereg,outcome,rate_coviddeath,rate_noncoviddeath,rate_death,rate_dereg,incidencerate_coviddeath,incidencerate_noncoviddeath,incidencerate_death,incidencerate_dereg
3862714,78461,1400,2855,4255,564,4255,0.01784325970864506,0.03638750462012975,0.05423076432877481,0.007188284625482724,3.6243946613702177e-4,7.391176255865695e-4,0.0011015570917235911,1.4601132778662877e-4
