obs,patients,coviddeath,noncoviddeath,death,dereg,outcome,rate_coviddeath,rate_noncoviddeath,rate_death,rate_dereg,incidencerate_coviddeath,incidencerate_noncoviddeath,incidencerate_death,incidencerate_dereg
6572705,152260,64,284,348,370,9211,4.203336398266124e-4,0.0018652305267305924,0.0022855641665572046,0.002430053855247603,9.737239081930499e-6,4.320899842606659e-5,5.2946237507997086e-5,5.6293413442410697e-05
