obs,patients,coviddeath,noncoviddeath,death,dereg,outcome,rate_coviddeath,rate_noncoviddeath,rate_death,rate_dereg,incidencerate_coviddeath,incidencerate_noncoviddeath,incidencerate_death,incidencerate_dereg
5229570,78481,1515,3459,4974,630,4974,0.019304035371618608,0.044074361947477735,0.06337839731909634,0.008027420649583976,2.896987706446228e-4,6.614310545608913e-4,9.51129825205514e-4,1.2046879571360552e-4
