obs,patients,coviddeath,noncoviddeath,death,dereg,outcome,rate_coviddeath,rate_noncoviddeath,rate_death,rate_dereg,incidencerate_coviddeath,incidencerate_noncoviddeath,incidencerate_death,incidencerate_dereg
9956246,152260,67,392,459,427,10774,4.4003677919348484e-4,0.002574543543938001,0.0030145803231314858,0.0028044135032181793,6.729444009318372e-6,3.937226942765376e-5,4.610171343697213e-5,4.288765062655141e-5
