obs,patients,coviddeath,noncoviddeath,death,dereg,outcome,rate_coviddeath,rate_noncoviddeath,rate_death,rate_dereg,incidencerate_coviddeath,incidencerate_noncoviddeath,incidencerate_death,incidencerate_dereg
7386357,148960,1400,2855,4255,704,4255,0.009398496240601503,0.019166219119226637,0.02856471535982814,0.00472610096670247,1.895386318316323e-4,3.865234241995073e-4,5.760620560311396e-4,9.531085486390652e-5
