n,alive_unvax,vaxany,vaxpfizer,vaxaz,vaxpfizer_pct,vaxaz_pct,dead_unvax,dereg_unvax,pt_days,pt_years,pt_days_vax,pt_years_vax,pt_pct_vax,fup_min,fup_q1,fup_median,fup_q3,max_fup
875359,59920,815439,613660,201992,0.7525516930144376,0.24770951597850974,11093,4514,66713033,182650.32991101986,34410439,94210.64750171115,0.5157978501741931,1,77,77,77,77
