criteria,n,n_exclude,pct_exclude,pct_all,pct_step
c0_all,1109118,NA,NA,1,NA
c1_1yearfup,1057364,51754,0.0466623028388323,0.9533376971611677,0.9533376971611677
c2_notmissing,981438,75926,0.07180687067083805,0.8848815004354812,0.928193129329162
c3_knownbrand,981420,18,1.8340435157391502e-5,0.8848652713237004,0.9999816595648426
c4_noncarehome,921109,60311,0.0614527928919321,0.8304878290677817,0.9385472071080679
c5_nonendoflife,887014,34095,0.03701516324343807,0.7997471865031494,0.9629848367565619
c6_nopriorcovid,872964,14050,0.015839659802438292,0.7870794631409823,0.9841603401975617
