criteria,n,n_exclude,pct_exclude,pct_all,pct_step
c0_all,1111726,NA,NA,1,NA
c1_1yearfup,1059839,51887,0.04667247145429719,0.9533275285457028,0.9533275285457028
c2_notmissing,984545,75294,0.07104286594473312,0.8856004087338067,0.9289571340552669
c3_knownbrand,984038,507,5.149586864998553e-4,0.8851443611105614,0.9994850413135001
c4_noncarehome,923575,60463,0.06144376538304415,0.8307577586563596,0.9385562346169558
c5_nonendoflife,889422,34153,0.03697913001109818,0.8000370594912776,0.9630208699889018
c6_nopriorcovid,875359,14063,0.015811392117577483,0.7873873598350672,0.9841886078824226
