criteria,n,n_exclude,pct_exclude,pct_all,pct_step
c0_all,2014363,NA,NA,1,NA
c1_1yearfup,1960620,53743,0.02667989831028469,0.9733201016897153,0.9733201016897153
c2_notmissing,1797262,163358,0.08331956217931062,0.8922234969566062,0.9166804378206894
c3_knownbrand,1796338,924,5.141153599197e-4,0.8917647911523394,0.9994858846400803
c4_noncarehome,1779050,17288,0.009624023986577137,0.8831824254119044,0.9903759760134229
c5_nonendoflife,1756862,22188,0.012471824850341474,0.8721675288912674,0.9875281751496585
c6_nopriorcovid,1734675,22187,0.01262876651666437,0.8611531288054834,0.9873712334833357
