criteria,n,n_exclude,pct_exclude,pct_all,pct_step
c0_all,14734448,NA,NA,1,NA
c1_1yearfup,13748911,985537,0.06688659120450254,0.9331134087954974,0.9331134087954974
c2_notmissing,11804694,1944217,0.14140879957692648,0.8011629617885923,0.8585912004230735
c3_knownbrand,11760985,43709,0.003702679628967934,0.798196512010494,0.996297320371032
c4_noncarehome,11735325,25660,0.002181790045646687,0.7964550148061197,0.9978182099543533
c5_nonendoflife,11717068,18257,0.001555730241812647,0.7952159456533424,0.9984442697581873
c6_nopriorcovid,11382375,334693,0.028564569224997245,0.7725009447249059,0.9714354307750027
