criteria,n,n_exclude,pct_exclude,pct_all,pct_step
c0_all,3126089,NA,NA,1,NA
c1_1yearfup,3020459,105630,0.03378982492181125,0.9662101750781887,0.9662101750781887
c2_notmissing,2781807,238652,0.07901183230760622,0.889868138751008,0.9209881676923938
c3_knownbrand,2780376,1431,5.144138324477579e-4,0.88941037827138,0.9994855861675522
c4_noncarehome,2702625,77751,0.027964203402705244,0.8645387255449221,0.9720357965972948
c5_nonendoflife,2646284,56341,0.020846769344618658,0.8465158861439965,0.9791532306553813
c6_nopriorcovid,2610034,36250,0.013698454134174563,0.8349199271038029,0.9863015458658254
