obs,patients,events,rate,incidence_rate
972927,51049,29086,0.569766302963819,0.029895357000062697
