obs,patients,events,rate,incidence_rate
972927,51049,16023,0.31387490450351624,0.016468861487038595
