obs,patients,events,rate,incidence_rate
1701198,51075,465,0.009104258443465492,2.7333678972112595e-4
