obs,patients,outcomes,incidence_prop,incidence_rate
1701198,51075,3039,0.0595007342143906,0.0017863881805645198
