.level,n,pct,pct_nonmiss,redacted
no,4615929,0.9997403147584386,0.9997403147584386,FALSE
yes,1199,2.596852415614209e-4,2.596852415614209e-4,FALSE
