.level,n,pct,pct_nonmiss,redacted
no,4425186,0.9584282696949272,0.9584282696949272,FALSE
yes,191942,0.04157173030507277,0.04157173030507277,FALSE
