.level,n,pct,pct_nonmiss,redacted
no,2564945,0.9902715796000452,0.9902715796000452,FALSE
yes,25198,0.009728420399954751,0.009728420399954751,FALSE
