.level,n,pct,pct_nonmiss,redacted
no,2578778,0.9956122113721134,0.9956122113721134,FALSE
yes,11365,0.004387788627886568,0.004387788627886568,FALSE
