.level,n,pct,pct_nonmiss,redacted
no,2589333,0.9996872759534898,0.9996872759534898,FALSE
yes,810,3.127240465101734e-4,3.127240465101734e-4,FALSE
