.level,n,pct,pct_nonmiss,redacted
no,2589938,0.9999208537906981,0.9999208537906981,FALSE
yes,205,7.914620930195746e-5,7.914620930195746e-5,FALSE
