.level,n,pct,pct_nonmiss,redacted
Black,50777,0.010997529199970197,0.014226154304338337,FALSE
Mixed,23467,0.005082596800435249,0.006574731927051771,FALSE
South Asian,173175,0.037507082324769854,0.04851831088197001,FALSE
White,3284654,0.7114063114559527,0.9202590669075001,FALSE
Other,37198,0.008056523449209119,0.010421735979139719,FALSE
(missing),1047857,0.22694995676966287,0,FALSE
