.level,n,pct,pct_nonmiss,redacted
no,938,3.6214216744017607e-4,3.6214216744017607e-4,FALSE
yes,2589205,0.9996378578325599,0.9996378578325599,FALSE
