.level,n,pct,pct_nonmiss,redacted
no,4602805,0.9968978551168606,0.9968978551168606,FALSE
yes,14323,0.0031021448831394754,0.0031021448831394754,FALSE
