.level,n,pct,pct_nonmiss,redacted
no,4595269,0.9952656716469632,0.9952656716469632,FALSE
yes,21859,0.00473432835303678,0.00473432835303678,FALSE
