.level,n,pct,pct_nonmiss,redacted
no,4615584,0.9996655929833438,0.9996655929833438,FALSE
yes,1544,3.344070166562417e-4,3.344070166562417e-4,FALSE
