.level,n,pct,pct_nonmiss,redacted
no,4546785,0.9847647715203044,0.9847647715203044,FALSE
yes,70343,0.015235228479695603,0.015235228479695603,FALSE
