.level,n,pct,pct_nonmiss,redacted
no,4616661,0.9998988548725528,0.9998988548725528,FALSE
yes,467,1.0114512744719228e-4,1.0114512744719228e-4,FALSE
