.level,n,pct,pct_nonmiss,redacted
no,4532545,0.9816806031801587,0.9816806031801587,FALSE
yes,84583,0.018319396819841252,0.018319396819841252,FALSE
