.level,n,pct,pct_nonmiss,redacted
no,4610834,0.9986368149204441,0.9986368149204441,FALSE
yes,6294,0.0013631850795559491,0.0013631850795559491,FALSE
