.level,n,pct,pct_nonmiss,redacted
no,4615054,0.9995508030100096,0.9995508030100096,FALSE
yes,2074,4.4919698999031435e-4,4.4919698999031435e-4,FALSE
