.level,n,pct,pct_nonmiss,redacted
Not obese,3531806,0.7649356916247503,0.7649356916247503,FALSE
Obese I (30-34.9),691511,0.14977080990607147,0.14977080990607147,FALSE
Obese II (35-39.9),257214,0.05570865698330217,0.05570865698330217,FALSE
Obese III (40+),136597,0.02958484148587607,0.02958484148587607,FALSE
