.level,n,pct,pct_nonmiss,redacted
no,2137174,0.825118149847325,0.825118149847325,FALSE
yes,452969,0.17488185015267496,0.17488185015267496,FALSE
