.level,n,pct,pct_nonmiss,redacted
no,4481058,0.970529298732892,0.970529298732892,FALSE
yes,136070,0.02947070126710804,0.02947070126710804,FALSE
