.level,n,pct,pct_nonmiss,redacted
PC,41733,0.01611223781852971,0.5277714545868427,FALSE
PN,35589,0.013740168013889581,0.45007208437665985,FALSE
PS,1752,6.76410530229412e-4,0.022156461036497457,FALSE
(missing),2511069,0.9694711836373513,0,FALSE
