.level,n,pct,pct_nonmiss,redacted
18-49,853203,0.18479084833688822,0.18479084833688822,FALSE
50s,451607,0.09781123676883119,0.09781123676883119,FALSE
60s,624089,0.13516822578884535,0.13516822578884535,FALSE
70s,1718412,0.3721820144470762,0.3721820144470762,FALSE
80+,969817,0.21004767465835905,0.21004767465835905,FALSE
