.level,n,pct,pct_nonmiss,redacted
1 least deprived,655690,0.1420125238026756,0.14495246251616287,FALSE
2,812726,0.17602414314699527,0.1796681893134118,FALSE
3,1014377,0.21969869581263504,0.22424689116771301,FALSE
4,1031275,0.22335854669829383,0.227982508169037,FALSE
5 most deprived,1009415,0.2186240017604017,0.22314994883367528,FALSE
(missing),93645,0.020282088778998546,0,FALSE
