.level,n,pct,pct_nonmiss,redacted
no,4453858,0.9646381906674453,0.9646381906674453,FALSE
yes,163270,0.03536180933255478,0.03536180933255478,FALSE
