.level,n,pct,pct_nonmiss,redacted
no,3865781,0.8372696186893671,0.8372696186893671,FALSE
yes,751347,0.16273038131063294,0.16273038131063294,FALSE
