.level,n,pct,pct_nonmiss,redacted
no,2589457,0.9997351497581408,0.9997351497581408,FALSE
yes,686,2.6485024185923323e-4,2.6485024185923323e-4,FALSE
