.level,n,pct,pct_nonmiss,redacted
Not obese,2040450,0.7877750379033127,0.7877750379033127,FALSE
Obese I (30-34.9),358814,0.13853057533889054,0.13853057533889054,FALSE
Obese II (35-39.9),127209,0.04911273238581808,0.04911273238581808,FALSE
Obese III (40+),63670,0.02458165437197869,0.02458165437197869,FALSE
