.level,n,pct,pct_nonmiss,redacted
no,4576333,0.9911644208261067,0.9911644208261067,FALSE
yes,40795,0.008835579173893382,0.008835579173893382,FALSE
