.level,n,pct,pct_nonmiss,redacted
Female,1624572,0.6272132465273152,0.6272132465273152,FALSE
Male,965571,0.3727867534726847,0.3727867534726847,FALSE
