.level,n,pct,pct_nonmiss,redacted
no,2563459,0.9896978661023735,0.9896978661023735,FALSE
yes,26684,0.010302133897626502,0.010302133897626502,FALSE
