.level,n,pct,pct_nonmiss,redacted
Carehome,44625,0.009665099169873567,0.5275882860622111,FALSE
Mixed,1892,4.097785463171045e-4,0.022368561058368704,FALSE
Nursinghome,38066,0.008244519103650582,0.4500431528794202,FALSE
(missing),4532545,0.9816806031801587,0,FALSE
