.level,n,pct,pct_nonmiss,redacted
no,2416205,0.932846178763103,0.932846178763103,FALSE
yes,173938,0.06715382123689696,0.06715382123689696,FALSE
