.level,n,pct,pct_nonmiss,redacted
no,4238487,0.9179920937864404,0.9179920937864404,FALSE
yes,378641,0.08200790621355959,0.08200790621355959,FALSE
