.level,n,pct,pct_nonmiss,redacted
no,4614054,0.9993342181546624,0.9993342181546624,FALSE
yes,3074,6.657818453376211e-4,6.657818453376211e-4,FALSE
