.level,n,pct,pct_nonmiss,redacted
no,4617000,0.9999722771385156,0.9999722771385156,FALSE
yes,128,2.772286148445527e-5,2.772286148445527e-5,FALSE
