.level,n,pct,pct_nonmiss,redacted
Female,2752664,0.596185334259739,0.596185334259739,FALSE
Male,1864464,0.40381466574026104,0.40381466574026104,FALSE
