.level,n,pct,pct_nonmiss,redacted
no,4075584,0.8827097710957981,0.8827097710957981,FALSE
yes,541544,0.11729022890420192,0.11729022890420192,FALSE
