.level,n,pct,pct_nonmiss,redacted
no,2582040,0.9968716012976889,0.9968716012976889,FALSE
yes,8103,0.0031283987023110306,0.0031283987023110306,FALSE
