.level,n,pct,pct_nonmiss,redacted
no,2590124,0.9999926644976744,0.9999926644976744,FALSE
yes,19,7.335502325547277e-6,7.335502325547277e-6,FALSE
