.level,n,pct,pct_nonmiss,redacted
no,2578647,0.9955616350139741,0.9955616350139741,FALSE
yes,11496,0.004438364986025868,0.004438364986025868,FALSE
