.level,n,pct,pct_nonmiss,redacted
no,4439544,0.9615379950480039,0.9615379950480039,FALSE
yes,177584,0.038462004951996136,0.038462004951996136,FALSE
