.level,n,pct,pct_nonmiss,redacted
no,4548245,0.9850809854091115,0.9850809854091115,FALSE
yes,68883,0.014919014590888536,0.014919014590888536,FALSE
