.level,n,pct,pct_nonmiss,redacted
no,4569191,0.9896175717892162,0.9896175717892162,FALSE
yes,47937,0.010382428210783846,0.010382428210783846,FALSE
