.level,n,pct,pct_nonmiss,redacted
18-49,559058,0.2158405925850426,0.2158405925850426,FALSE
50s,269229,0.10394368187393514,0.10394368187393514,FALSE
60s,166670,0.06434779855784024,0.06434779855784024,FALSE
70s,717057,0.2768406995289449,0.2768406995289449,FALSE
80+,878129,0.3390272274542371,0.3390272274542371,FALSE
