.level,n,pct,pct_nonmiss,redacted
no,187510,0.0406118262261735,0.0406118262261735,FALSE
yes,4429618,0.9593881737738265,0.9593881737738265,FALSE
