.level,n,pct,pct_nonmiss,redacted
no,2587596,0.9990166566093069,0.9990166566093069,FALSE
yes,2547,9.833433906931007e-4,9.833433906931007e-4,FALSE
