.level,n,pct,pct_nonmiss,redacted
no,2584985,0.9980086041581488,0.9980086041581488,FALSE
yes,5158,0.001991395841851203,0.001991395841851203,FALSE
