.level,n,pct,pct_nonmiss,redacted
no,4604816,0.997333407260964,0.997333407260964,FALSE
yes,12312,0.0026665927390360413,0.0026665927390360413,FALSE
