.level,n,pct,pct_nonmiss,redacted
no,2521233,0.9733952913024493,0.9733952913024493,FALSE
yes,68910,0.026604708697550675,0.026604708697550675,FALSE
