.level,n,pct,pct_nonmiss,redacted
no,4585608,0.9931732453594528,0.9931732453594528,FALSE
yes,31520,0.006826754640547111,0.006826754640547111,FALSE
