.level,n,pct,pct_nonmiss,redacted
no,4599657,0.9962160459922272,0.9962160459922272,FALSE
yes,17471,0.003783954007772797,0.003783954007772797,FALSE
