.level,n,pct,pct_nonmiss,redacted
Ox-AZ,1988537,0.4306869984977674,0.4306869984977674,FALSE
P-B,2626706,0.5689047390499029,0.5689047390499029,FALSE
Unknown,1885,4.0826245232967334e-4,4.0826245232967334e-4,FALSE
