.level,n,pct,pct_nonmiss,redacted
no,4602430,0.9968166357961052,0.9968166357961052,FALSE
yes,14698,0.0031833642038947155,0.0031833642038947155,FALSE
