.level,n,pct,pct_nonmiss,redacted
no,2509841,0.9689970785396791,0.9689970785396791,FALSE
yes,80302,0.031002921460320916,0.031002921460320916,FALSE
