.level,n,pct,pct_nonmiss,redacted
covid-related,955,2.06838536856678e-4,0.31812125249833445,FALSE
not covid-related,2047,4.4334919889593705e-4,0.6818787475016655,FALSE
(missing),4614126,0.9993498122642474,0,FALSE
