ageband,n,seconddose_n,seconddose_%,posPC_n,posPC_%,posSGSS_n,posSGSS_%,admitted_n,admitted_%,coviddeath_n,coviddeath_%,death_n,death_%
under 18,0,-,-,0,NaN,0,NaN,-,-,0,NaN,-,NaN
18-40,68883,-,-,24,3.484168807978747e-4,863,0.012528490338690242,-,-,0,0,0,0
40s,50864,-,-,18,3.538848694558037e-4,486,0.0095548914753067,-,-,0,0,0,0
50s,61143,-,-,37,6.051387730402499e-4,509,0.008324746904796952,-,-,0,0,0,0
60s,27444,-,-,7,2.55064859349949e-4,196,0.007141816061798572,-,-,0,0,-,-
70s,43823,-,-,11,2.510097437418707e-4,92,0.002099354220386555,-,-,-,-,14,3.194669465805627e-4
80s,233061,-,-,65,2.7889694114416395e-4,302,0.0012957980957775002,-,-,-,-,50,2.1453610857243382e-4
90+,33958,-,-,14,4.1227398551151425e-4,121,0.003563225160492373,-,-,-,-,37,0.0010895812474232876
