imd,n,seconddose_n,seconddose_%,posPC_n,posPC_%,posSGSS_n,posSGSS_%,admitted_n,admitted_%,coviddeath_n,coviddeath_%,death_n,death_%
1 least deprived,71253,-,-,25,3.508624198279371e-4,420,0.0058944886531093425,-,-,-,-,25,3.508624198279371e-4
2,88873,-,-,37,4.163244179897157e-4,504,0.0056710136936977485,-,-,-,-,-,-
3,109278,-,-,53,4.850015556653672e-4,590,0.005399073921557862,-,-,-,-,18,1.6471750947125678e-4
4,118755,-,-,39,3.284072249589491e-4,553,0.004656646035956381,-,-,0,0,17,1.4315186728979833e-4
5 most deprived,119096,-,-,-,-,434,0.003644119030026197,-,-,-,-,26,2.183112782965003e-4
(missing),11921,-,-,-,-,68,0.00570421944467746,-,-,0,0,-,-
