sex,n,posPC_n,posPC_%,posSGSS_n,posSGSS_%,admitted_n,admitted_%,coviddeath_n,coviddeath_%,death_n,death_%
Female,241136,189,7.962245685043419e-4,2408,0.009998424138874836,-,-,35,1.492921065945641e-4,126,5.308163790028946e-4
Male,154966,126,8.195346075913426e-4,1022,0.006607901087980589,-,-,28,1.742317669682382e-4,140,8.969709484661152e-4
