sex,n,seconddose_n,seconddose_%,posPC_n,posPC_%,posSGSS_n,posSGSS_%,admitted_n,admitted_%,coviddeath_n,coviddeath_%,death_n,death_%
Female,306936,-,-,448,0.0014693712654837848,4018,0.013090762183400991,35,1.2054708829911316e-4,56,1.8244964715541452e-4,224,7.200245003811895e-4
Male,184401,-,-,245,0.0013123644251626899,1624,0.008806941431670282,42,2.4403470715835142e-4,42,2.386117136659436e-4,189,0.001024945770065076
