ageband,n,seconddose_n,seconddose_%,posPC_n,posPC_%,posSGSS_n,posSGSS_%,admitted_n,admitted_%,coviddeath_n,coviddeath_%,death_n,death_%
18-49,108689,-,-,161,0.0015088645794039985,2597,0.02387502185093522,0,1.8400787553707297e-5,0,0,0,0
50s,55881,-,-,112,0.0019683982606517186,1113,0.0199702950807938,7,1.2526170749601847e-4,0,1.7894529642288352e-5,0,3.5789059284576704e-5
60s,25025,-,-,42,0.0015984015984015984,434,0.017382617382617382,0,1.1988011988011988e-4,0,0,7,3.196803196803197e-4
70s,40607,-,-,56,0.0014282899921197792,287,0.007141449960598897,7,1.231284475965327e-4,21,4.925137903861308e-4,56,0.0014529156816390858
80+,261128,-,-,322,0.001229286898712121,1204,0.004618442367124043,63,2.489210231037005e-4,77,3.02534781926036e-4,343,0.0013058779827440287
