ethnicity,n,seconddose_n,seconddose_%,posPC_n,posPC_%,posSGSS_n,posSGSS_%,admitted_n,admitted_%,coviddeath_n,coviddeath_%,death_n,death_%
Black,4389,-,-,7,0.0018219084491004327,105,0.023684809838305624,0,0,0,2.277385561375541e-4,0,2.277385561375541e-4
Mixed,2786,-,-,7,0.0017966223499820337,63,0.022637441609773625,0,3.5932446999640676e-4,0,0,0,0
South Asian,23618,-,-,42,0.0019055684946008892,518,0.02180817277154351,7,2.1172983273343214e-4,0,8.469193309337285e-5,7,2.540757992801186e-4
White,333858,-,-,462,0.0013838135745522075,3486,0.010450488228598814,56,1.587491763014437e-4,63,1.946923860300725e-4,287,8.686275684418619e-4
Other,5075,-,-,14,0.002168769716088328,112,0.022279179810725552,0,1.971608832807571e-4,0,0,0,0
(missing),121611,-,-,161,0.001332094430694087,1358,0.011166569363472654,21,1.8090171281030812e-4,35,2.631297640877209e-4,112,9.291769794347644e-4
