ageband,n,posPC_n,posPC_%,posSGSS_n,posSGSS_%,admitted_n,admitted_%,coviddeath_n,coviddeath_%,death_n,death_%
18-49,72478,56,7.312261144299886e-4,1456,0.020046632910693838,-,-,0,0,0,0
50s,38934,42,0.0011301466622145738,665,0.017029255387460508,-,-,0,0,0,2.5685151413967585e-5
60s,17724,14,6.771626883358727e-4,287,0.016082613847976976,-,-,0,0,7,2.8215112013994694e-4
70s,33061,28,8.468681002933793e-4,189,0.005625623809091734,-,-,14,3.326981822581133e-4,35,0.001058585125366724
80+,233905,182,7.780903439843355e-4,847,0.0036253879763665747,-,-,49,2.223115268526673e-4,224,9.66200097475054e-4
