imd,n,seconddose_n,seconddose_%,posPC_n,posPC_%,posSGSS_n,posSGSS_%,admitted_n,admitted_%,coviddeath_n,coviddeath_%,death_n,death_%
1 least deprived,67494,-,-,119,0.0017334360554699538,903,0.013348939196396823,21,2.8149816285409504e-4,21,2.8149816285409504e-4,77,0.0011111769586345857
2,84119,-,-,147,0.0017713212392115837,1106,0.013136308518985234,21,2.3776124016262868e-4,14,2.0209705413823438e-4,70,8.083882165529375e-4
3,103208,-,-,161,0.0015502373800988277,1253,0.012140296482898943,14,1.065788198817944e-4,35,3.3911442689661854e-4,91,9.107644608080612e-4
4,112161,-,-,147,0.0013016886289474153,1190,0.010609653893475509,14,1.5156648419250727e-4,14,1.248194575703001e-4,77,6.686756655551791e-4
5 most deprived,112938,-,-,112,9.916682161482545e-4,1064,0.009411993872907093,14,1.328127075198555e-4,14,1.062501660158844e-4,91,7.791678841164856e-4
(missing),11410,-,-,7,7.889892171473657e-4,133,0.011396510914350837,0,0,0,2.6299640571578853e-4,7,8.766546857192952e-4
