n,alive_unvax,vaxany,vaxpfizer,vaxaz,vaxpfizer_pct,vaxaz_pct,dead_unvax,dereg_unvax,pt_days,pt_years,pt_days_vax,pt_years_vax,pt_pct_vax,fup_min,fup_q1,fup_median,fup_q3,max_fup
666974,40015,626959,469792,157603,0.7493185359808218,0.2513768842938693,8386,4234,63849859,174811.38672142368,39229891,107405.58795345653,0.6144084202284613,1,97,97,97,97
