n,alive_unvax,vaxany,vaxpfizer,vaxaz,vaxpfizer_pct,vaxaz_pct,dead_unvax,dereg_unvax,pt_days,pt_years,pt_days_vax,pt_years_vax,pt_pct_vax,fup_min,fup_q1,fup_median,fup_q3,max_fup
879628,47254,832374,618890,214928,0.7435239447652137,0.258210852333206,12015,5229,95285138,260876.4900752909,62493870,171098.89117043122,0.6558616727825907,1,110,110,110,110
