n,alive_unvax,vaxany,vaxpfizer,vaxaz,vaxpfizer_pct,vaxaz_pct,dead_unvax,dereg_unvax,pt_days,pt_years,pt_days_vax,pt_years_vax,pt_pct_vax,fup_min,fup_q1,fup_median,fup_q3,max_fup
885304,44538,840766,624073,220351,0.7422671706515249,0.26208362374311045,11396,6413,115635869,316593.75496235455,81118068,222089.16632443533,0.7014957270740967,1,133,133,133,133
