n,alive_unvax,vaxany,vaxpfizer,vaxaz,vaxpfizer_pct,vaxaz_pct,dead_unvax,dereg_unvax,pt_days,pt_years,pt_days_vax,pt_years_vax,pt_pct_vax,fup_min,fup_q1,fup_median,fup_q3,max_fup
879064,47260,831804,618504,214773,0.7435693985602377,0.2582014513034321,12005,5244,95222621,260705.32785763175,62453997,170989.7248459959,0.6558735345039495,1,110,110,110,110
