obs,patients,coviddeath,noncoviddeath,death,dereg,outcome,rate_coviddeath,rate_noncoviddeath,rate_death,rate_dereg,incidencerate_coviddeath,incidencerate_noncoviddeath,incidencerate_death,incidencerate_dereg
1671624,52216,68,436,504,229,4137,0.001302282825187682,0.008349931055615137,0.00965221388080282,0.0043856289259996935,4.0679004369403644e-5,2.608242044861763e-4,3.0150320885557997e-4,1.369925294204917e-4
