obs,patients,coviddeath,noncoviddeath,death,dereg,outcome,rate_coviddeath,rate_noncoviddeath,rate_death,rate_dereg,incidencerate_coviddeath,incidencerate_noncoviddeath,incidencerate_death,incidencerate_dereg
2781922,82907,3039,4529,7568,902,7568,0.036655529689893496,0.05462747415779126,0.09128300384768476,0.010879660342311264,0.0010924102113574715,0.0016280111376235566,0.0027204213489810283,3.242362654308784e-4
