obs,patients,coviddeath,noncoviddeath,death,dereg,outcome,rate_coviddeath,rate_noncoviddeath,rate_death,rate_dereg,incidencerate_coviddeath,incidencerate_noncoviddeath,incidencerate_death,incidencerate_dereg
5869108,70782,3934,760,4694,545,3934,0.05557910203158995,0.010737193071684891,0.06631629510327484,0.007699697663247718,6.702892500870661e-4,1.2949156839506105e-4,7.997808184821271e-4,9.285908523066878e-5
