obs,patients,vaxany1,vaxpfizer1,vaxaz1,rate_vaxany1,rate_vaxpfizer1,rate_vaxaz1,incidencerate_vaxany1,incidencerate_vaxpfizer1,incidencerate_vaxaz1
4242729,115386,102375,75540,26835,0.8872393531277625,0.6546721439342728,0.23256720919348967,0.024129516638936872,0.017804578138269026,0.006324938500667849
