obs,patients,coviddeath,noncoviddeath,death,dereg,outcome,rate_coviddeath,rate_noncoviddeath,rate_death,rate_dereg,incidencerate_coviddeath,incidencerate_noncoviddeath,incidencerate_death,incidencerate_dereg
2496008,78627,96,650,746,326,6606,0.001220954633904384,0.0082668803337276,0.009487834967631984,0.004146158444300304,3.8461415187771834e-5,2.6041583200053846e-4,2.988772471883103e-4,1.3060855574180852e-4
