obs,patients,vaxany1,vaxpfizer1,vaxaz1,rate_vaxany1,rate_vaxpfizer1,rate_vaxaz1,incidencerate_vaxany1,incidencerate_vaxpfizer1,incidencerate_vaxaz1
1578012,82864,72732,45906,26826,0.8777273604943039,0.5539920834137865,0.32373527708051747,0.046090904251678694,0.02909103352826214,0.016999870723416553
