obs,patients,vaxany1,vaxpfizer1,vaxaz1,rate_vaxany1,rate_vaxpfizer1,rate_vaxaz1,incidencerate_vaxany1,incidencerate_vaxpfizer1,incidencerate_vaxaz1
1400344,78587,68888,44672,24216,0.8765826408948045,0.5684400727855752,0.30814256810922924,0.049193626708865824,0.03190073296275772,0.0172928937461081
