obs,patients,coviddeath,noncoviddeath,death,dereg,outcome,rate_coviddeath,rate_noncoviddeath,rate_death,rate_dereg,incidencerate_coviddeath,incidencerate_noncoviddeath,incidencerate_death,incidencerate_dereg
6596647,70782,4278,924,5202,611,4278,0.06043909468508943,0.013054166313469525,0.07349326099855896,0.008632138114209827,6.485112815647101e-4,1.400711603940608e-4,7.885824419587709e-4,9.262281277139735e-5
