obs,patients,coviddeath,noncoviddeath,death,dereg,outcome,rate_coviddeath,rate_noncoviddeath,rate_death,rate_dereg,incidencerate_coviddeath,incidencerate_noncoviddeath,incidencerate_death,incidencerate_dereg
7393604,82999,4278,9105,13383,1371,13383,0.051542789672164725,0.10970011686887794,0.16124290654104267,0.016518271304473548,5.786082132610835e-4,0.0012314697947036384,0.0018100780079647219,1.8543054239853797e-4
