obs,patients,coviddeath,noncoviddeath,death,dereg,outcome,rate_coviddeath,rate_noncoviddeath,rate_death,rate_dereg,incidencerate_coviddeath,incidencerate_noncoviddeath,incidencerate_death,incidencerate_dereg
9815029,107928,142,1320,1462,501,9190,0.0013156919427766659,0.012230375806092951,0.013546067748869618,0.004641983544585279,1.4467608806861395e-5,1.3448763116237353e-4,1.4895523996923493e-4,5.10441691002645e-5
