obs,patients,vaxany1,vaxpfizer1,vaxaz1,rate_vaxany1,rate_vaxpfizer1,rate_vaxaz1,incidencerate_vaxany1,incidencerate_vaxpfizer1,incidencerate_vaxaz1
2663071,75013,65064,48925,16139,0.8673696559263061,0.6522202818178182,0.21514937410848786,0.02443194342171125,0.018371646869347457,0.006060296552363793
