obs,patients,vaxany1,vaxpfizer1,vaxaz1,rate_vaxany1,rate_vaxpfizer1,rate_vaxaz1,incidencerate_vaxany1,incidencerate_vaxpfizer1,incidencerate_vaxaz1
950108,52190,45767,29636,16131,0.8769304464456793,0.5678482467905729,0.30908219965510636,0.048170313269649344,0.031192243408117815,0.016978069861531532
