obs,patients,coviddeath,noncoviddeath,death,dereg,outcome,rate_coviddeath,rate_noncoviddeath,rate_death,rate_dereg,incidencerate_coviddeath,incidencerate_noncoviddeath,incidencerate_death,incidencerate_dereg
9985477,112444,150,1328,1478,544,13978,0.001333997367578528,0.0118103233609619,0.013144320728540429,0.004837963786418128,1.5021816183643505e-5,1.3299314594585716e-4,1.4801496212950069e-4,5.447912002601378e-5
