obs,patients,coviddeath,noncoviddeath,death,dereg,outcome,rate_coviddeath,rate_noncoviddeath,rate_death,rate_dereg,incidencerate_coviddeath,incidencerate_noncoviddeath,incidencerate_death,incidencerate_dereg
6120375,79827,113,741,854,368,12799,0.0014155611509890137,0.009282573565335036,0.01069813471632405,0.004609969058088115,1.846292098114903e-5,1.210710128055879e-4,1.3953393378673693e-4,6.012703469967118e-5
