obs,patients,vaxany1,vaxpfizer1,vaxaz1,rate_vaxany1,rate_vaxpfizer1,rate_vaxaz1,incidencerate_vaxany1,incidencerate_vaxpfizer1,incidencerate_vaxaz1
2611030,70747,63901,47871,16030,0.903232645907247,0.67665060002544275,0.22658204588180417,0.02447348364438555,0.018334143996813518,0.006139339647572031
