obs,patients,vaxany1,vaxpfizer1,vaxaz1,rate_vaxany1,rate_vaxpfizer1,rate_vaxaz1,incidencerate_vaxany1,incidencerate_vaxpfizer1,incidencerate_vaxaz1
1367510,75734,68062,44096,23966,0.8986980748408905,0.582248395700742,0.31644967914014843,0.04977075121936951,0.032245468040453085,0.017525283178916426
