obs,patients,coviddeath,noncoviddeath,death,dereg,outcome,rate_coviddeath,rate_noncoviddeath,rate_death,rate_dereg,incidencerate_coviddeath,incidencerate_noncoviddeath,incidencerate_death,incidencerate_dereg
9784022,103905,4278,1374,5652,757,4278,0.0411722246282662,0.013223617727732062,0.054395842355998265,0.007285501178961551,4.3724349761274043e-4,1.4043304481531216e-4,5.776765424280526e-4,7.737104434147838e-5
