obs,patients,coviddeath,noncoviddeath,death,dereg,outcome,rate_coviddeath,rate_noncoviddeath,rate_death,rate_dereg,incidencerate_coviddeath,incidencerate_noncoviddeath,incidencerate_death,incidencerate_dereg
1717585,55293,76,443,519,248,6606,0.0013744958674696615,0.008011864069592896,0.009386359937062558,0.00448519704121679,4.424817403505503e-5,2.5792027759907076e-4,3.0216845163412583e-4,1.443887784301796e-4
