obs,patients,vaxany1,vaxpfizer1,vaxaz1,rate_vaxany1,rate_vaxpfizer1,rate_vaxaz1,incidencerate_vaxany1,incidencerate_vaxpfizer1,incidencerate_vaxaz1
3800297,103851,95600,71603,23997,0.9205496336096908,0.6894781947212834,0.23107143888840742,0.02515592860242239,0.0188414221309545,0.006314506471467888
