obs,patients,vaxany1,vaxpfizer1,vaxaz1,rate_vaxany1,rate_vaxpfizer1,rate_vaxaz1,incidencerate_vaxany1,incidencerate_vaxpfizer1,incidencerate_vaxaz1
972927,51049,45109,29086,16023,0.8836412074673353,0.569766302963819,0.31387490450351624,0.046364218487101296,0.029895357000062697,0.016468861487038595
