obs,patients,vaxany1,vaxpfizer1,vaxaz1,rate_vaxany1,rate_vaxpfizer1,rate_vaxaz1,incidencerate_vaxany1,incidencerate_vaxpfizer1,incidencerate_vaxaz1
1398877,74817,67589,43601,23988,0.903390940561637,0.5827686221046019,0.32062231845703515,0.048316613969634215,0.031168573076832344,0.01714804089280187
