obs,patients,coviddeath,noncoviddeath,death,dereg,outcome,rate_coviddeath,rate_noncoviddeath,rate_death,rate_dereg,incidencerate_coviddeath,incidencerate_noncoviddeath,incidencerate_death,incidencerate_dereg
2503830,74857,3039,690,3729,508,3039,0.040597405720239926,0.00921757484270008,0.04981498056294001,0.006786272492886437,0.0012137405494781993,2.755778147877452e-4,0.0014893183642659446,2.028891737857602e-4
