obs,patients,vaxany1,vaxpfizer1,vaxaz1,rate_vaxany1,rate_vaxpfizer1,rate_vaxaz1,incidencerate_vaxany1,incidencerate_vaxpfizer1,incidencerate_vaxaz1
3837471,107873,96555,72579,23976,0.8950803259388355,0.672818963039871,0.22226136289896453,0.025161102194648507,0.01891323738993728,0.006247864804711228
