obs,patients,coviddeath,noncoviddeath,death,dereg,outcome,rate_coviddeath,rate_noncoviddeath,rate_death,rate_dereg,incidencerate_coviddeath,incidencerate_noncoviddeath,incidencerate_death,incidencerate_dereg
8722673,107928,121,1075,1196,454,8414,0.0011211177822251872,0.009960343932992366,0.011081461715217553,0.004206508042398636,1.3871894544252662e-5,1.2324203830637695e-4,1.3711393285062963e-4,5.20482654800885e-5
