obs,patients,coviddeath,noncoviddeath,death,dereg,outcome,rate_coviddeath,rate_noncoviddeath,rate_death,rate_dereg,incidencerate_coviddeath,incidencerate_noncoviddeath,incidencerate_death,incidencerate_dereg
9332892,115442,3934,7535,11469,1271,11469,0.03407771868124253,0.06527087195301537,0.0993485906342579,0.011009857764072001,4.215199318710642e-4,8.073596051470434e-4,0.0012288795370181075,1.361850110340932e-4
