obs,patients,coviddeath,noncoviddeath,death,dereg,outcome,rate_coviddeath,rate_noncoviddeath,rate_death,rate_dereg,incidencerate_coviddeath,incidencerate_noncoviddeath,incidencerate_death,incidencerate_dereg
8680282,103905,3934,1120,5054,678,3934,0.03786150810836822,0.010779077041528319,0.04864058514989654,0.006525191280496607,4.5321108231276356e-4,1.2902806613886508e-4,5.822391484516286e-4,7.810806146620583e-5
