obs,patients,vaxany1,vaxpfizer1,vaxaz1,rate_vaxany1,rate_vaxpfizer1,rate_vaxaz1,incidencerate_vaxany1,incidencerate_vaxpfizer1,incidencerate_vaxaz1
1162460,59576,50582,31537,19045,0.8490331677185444,0.529357459379616,0.31967570833892844,0.04351289506735716,0.027129535639935996,0.016383359427421158
