obs,patients,vaxany1,vaxpfizer1,vaxaz1,rate_vaxany1,rate_vaxpfizer1,rate_vaxaz1,incidencerate_vaxany1,incidencerate_vaxpfizer1,incidencerate_vaxaz1
2815894,79791,66696,50199,16497,0.8358837462871752,0.6291311050118434,0.2067526412753318,0.02368555066348378,0.017827020477333307,0.005858530186150473
