obs,patients,coviddeath,noncoviddeath,death,dereg,outcome,rate_coviddeath,rate_noncoviddeath,rate_death,rate_dereg,incidencerate_coviddeath,incidencerate_noncoviddeath,incidencerate_death,incidencerate_dereg
6560688,82999,3934,7535,11469,1161,11469,0.04739816142363161,0.09078422631597971,0.13818238773961133,0.013988120338799263,5.996322336925639e-4,0.0011485075955448576,0.0017481398292374215,1.7696314776742927e-4
