obs,patients,coviddeath,noncoviddeath,death,dereg,outcome,rate_coviddeath,rate_noncoviddeath,rate_death,rate_dereg,incidencerate_coviddeath,incidencerate_noncoviddeath,incidencerate_death,incidencerate_dereg
6652148,75048,108,889,997,360,9190,0.001439078989446754,0.01184575205202004,0.013284831041466794,0.004796929964822514,1.6235357361261354e-5,1.336410434644569e-4,1.4987640082571825e-4,5.411785787087119e-5
