obs,patients,vaxany1,vaxpfizer1,vaxaz1,rate_vaxany1,rate_vaxpfizer1,rate_vaxaz1,incidencerate_vaxany1,incidencerate_vaxpfizer1,incidencerate_vaxaz1
3976909,112389,97966,73740,24226,0.8716689355719865,0.6561140325120786,0.215554903059908,0.024633704216012988,0.01854203855305716,0.006091665662955828
