obs,patients,coviddeath,noncoviddeath,death,dereg,outcome,rate_coviddeath,rate_noncoviddeath,rate_death,rate_dereg,incidencerate_coviddeath,incidencerate_noncoviddeath,incidencerate_death,incidencerate_dereg
5931330,75048,95,730,825,325,8414,0.00126585651849483,0.00972710798422343,0.01099296450271826,0.004330561773798102,1.601664382187469e-5,1.2307526305230023e-4,1.3909190687417494e-4,5.4793781495887096e-5
