obs,patients,vaxany1,vaxpfizer1,vaxaz1,rate_vaxany1,rate_vaxpfizer1,rate_vaxaz1,incidencerate_vaxany1,incidencerate_vaxpfizer1,incidencerate_vaxaz1
3079395,82962,71109,52057,19052,0.8571273595139943,0.6274800511077361,0.2296473084062583,0.023091873566073857,0.016904943990621535,0.006186929575452321
