obs,patients,coviddeath,noncoviddeath,death,dereg,outcome,rate_coviddeath,rate_noncoviddeath,rate_death,rate_dereg,incidencerate_coviddeath,incidencerate_noncoviddeath,incidencerate_death,incidencerate_dereg
6847559,79827,123,902,1025,405,13978,0.0015408320493066256,0.011299435028248588,0.012840267077555213,0.005073471381863279,1.7962605360537968e-5,1.317257726439451e-4,1.4968837800448306e-4,5.9145163992015257e-5
