obs,patients,coviddeath,noncoviddeath,death,dereg,outcome,rate_coviddeath,rate_noncoviddeath,rate_death,rate_dereg,incidencerate_coviddeath,incidencerate_noncoviddeath,incidencerate_death,incidencerate_dereg
8890969,112444,137,1080,1217,495,12799,0.0012183842623883889,0.009604781046565402,0.01082316530895379,0.004402191313009143,1.5408894126163302e-5,1.2147157413325814e-4,1.3688046825942145e-4,5.567447147774332e-5
