obs,patients,coviddeath,noncoviddeath,death,dereg,outcome,rate_coviddeath,rate_noncoviddeath,rate_death,rate_dereg,incidencerate_coviddeath,incidencerate_noncoviddeath,incidencerate_death,incidencerate_dereg
1701198,51075,3039,465,3504,424,3039,0.0595007342143906,0.009104258443465492,0.06860499265785609,0.008301517376407243,0.0017863881805645198,2.7333678972112595e-4,0.002059724970285646,2.4923612654141375e-4
