obs,patients,coviddeath,noncoviddeath,death,dereg,outcome,rate_coviddeath,rate_noncoviddeath,rate_death,rate_dereg,incidencerate_coviddeath,incidencerate_noncoviddeath,incidencerate_death,incidencerate_dereg
1996212,59605,3039,4529,7568,830,7568,0.05098565556580824,0.07598355842630652,0.12696921399211475,0.013925006291418506,0.0015223833941485172,0.00226879710171064,0.0037911804958591575,4.1578750152789385e-4
