obs,patients,coviddeath,noncoviddeath,death,dereg,outcome,rate_coviddeath,rate_noncoviddeath,rate_death,rate_dereg,incidencerate_coviddeath,incidencerate_noncoviddeath,incidencerate_death,incidencerate_dereg
10535485,115442,4278,9105,13383,1491,13383,0.03705757003516918,0.0788707749345992,0.11592834496976837,0.012915576653211136,4.0605629451325684e-4,8.642221976491827e-4,0.0012702784921624396,1.415217239642978e-4
