obs,patients,coviddeath,noncoviddeath,death,dereg,outcome,rate_coviddeath,rate_noncoviddeath,rate_death,rate_dereg,incidencerate_coviddeath,incidencerate_noncoviddeath,incidencerate_death,incidencerate_dereg
2461039,75773,94,647,741,309,4137,0.0012405474245443628,0.0085386615285127955,0.009779208953057157,0.0040779697253639155,3.8195250054956467e-5,2.6289709346337056e-4,3.01092343518327e-4,1.2555672624448456e-4
