obs,patients,vaxany1,vaxpfizer1,vaxaz1,rate_vaxany1,rate_vaxpfizer1,rate_vaxaz1,incidencerate_vaxany1,incidencerate_vaxpfizer1,incidencerate_vaxaz1
989665,55266,46772,30283,16489,0.8463069518329533,0.5479499149567546,0.29835703687619874,0.04726043661238904,0.030599243178247186,0.016661193434141856
