.level,n,pct,pct_nonmiss,redacted
Female,1075329,0.6370598522710308,0.6370598522710308,FALSE
Male,612612,0.3629312612414068,0.3629312612414068,FALSE
Inter-sex,6,3.554595024988803e-6,3.554595024988803e-6,FALSE
Unknown,9,5.331892537483204e-6,5.331892537483204e-6,FALSE
