.level,n,pct,pct_nonmiss,redacted
no,1645140,0.9746344099016799,0.9746344099016799,FALSE
yes,42816,0.0253655900983201,0.0253655900983201,FALSE
