.level,n,pct,pct_nonmiss,redacted
no,934216,0.9715426693566838,0.9715426693566838,FALSE
yes,27364,0.02845733064331621,0.02845733064331621,FALSE
