.level,n,pct,pct_nonmiss,redacted
1 least deprived,134025,0.13937997878491648,0.14254430280121758,FALSE
2,165137,0.17173506104536285,0.17563393793459925,FALSE
3,202188,0.21026643648994364,0.21504008576588382,FALSE
4,218293,0.22701491295576032,0.23216880053263336,FALSE
5 most deprived,220591,0.22940472971567627,0.234612872965666,FALSE
(missing),21346,0.02219888100834044,0,FALSE
