.level,n,pct,pct_nonmiss,redacted
no,2401040,0.926991289670107,0.926991289670107,FALSE
yes,189103,0.07300871032989298,0.07300871032989298,FALSE
