.level,n,pct,pct_nonmiss,redacted
no,1569790,0.9299946207128622,0.9299946207128622,FALSE
yes,118166,0.07000537928713782,0.07000537928713782,FALSE
