.level,n,pct,pct_nonmiss,redacted
no,1680853,0.9957919519229175,0.9957919519229175,FALSE
yes,7103,0.004208048077082578,0.004208048077082578,FALSE
