.level,n,pct,pct_nonmiss,redacted
no,121447,0.04688814478582843,0.04688814478582843,FALSE
yes,2468696,0.9531118552141715,0.9531118552141715,FALSE
