.level,n,pct,pct_nonmiss,redacted
no,2281939,0.8810088863819487,0.8810088863819487,FALSE
yes,308204,0.1189911136180512,0.1189911136180512,FALSE
