.level,n,pct,pct_nonmiss,redacted
no,956641,0.99486366188980635,0.99486366188980635,FALSE
yes,4939,0.00513633811019364,0.00513633811019364,FALSE
