.level,n,pct,pct_nonmiss,redacted
no,937071,0.9745117410927848,0.9745117410927848,FALSE
yes,24509,0.02548825890721521,0.02548825890721521,FALSE
