.level,n,pct,pct_nonmiss,redacted
no,2511069,0.9694711836373513,0.9694711836373513,FALSE
yes,79074,0.030528816362648703,0.030528816362648703,FALSE
