.level,n,pct,pct_nonmiss,redacted
under 18,0,0,0,FALSE
18-49,385917,0.2286297747097673,0.2286297747097673,FALSE
50s,186862,0.11070312259324296,0.11070312259324296,FALSE
60s,92485,0.054791120147681574,0.054791120147681574,FALSE
70s,312355,0.18504925483839627,0.18504925483839627,FALSE
80+,710337,0.4208267277109119,0.4208267277109119,FALSE
