.level,n,pct,pct_nonmiss,redacted
no,1687750,0.9998779589041421,0.9998779589041421,FALSE
yes,206,1.220410958579489e-4,1.220410958579489e-4,FALSE
