.level,n,pct,pct_nonmiss,redacted
Ox-AZ,765397,0.29550376176141624,0.29550376176141624,FALSE
P-B,1823572,0.7040429814106789,0.7040429814106789,FALSE
Unknown,1174,4.5325682790486855e-4,4.5325682790486855e-4,FALSE
Not vaccinated,0,0,0,FALSE
