.level,n,pct,pct_nonmiss,redacted
no,2586021,0.998408582074426,0.998408582074426,FALSE
yes,4122,0.0015914179255739935,0.0015914179255739935,FALSE
