.level,n,pct,pct_nonmiss,redacted
no,2584100,0.9976669241814062,0.9976669241814062,FALSE
yes,6043,0.0023330758185937995,0.0023330758185937995,FALSE
