.level,n,pct,pct_nonmiss,redacted
PC,32936,0.01951235695717187,0.5245922528032619,FALSE
PN,28404,0.016827452848296995,0.45240825688073394,FALSE
PS,1444,8.55472536013972e-4,0.022999490316004078,FALSE
(missing),1625172,0.9628047176585172,0,FALSE
