.level,n,pct,pct_nonmiss,redacted
Ox/AZ,235859,0.13973053799980567,0.13973053799980567,FALSE
P/B,1451358,0.8598316543796165,0.8598316543796165,FALSE
Not vaccinated,739,4.378076205777876e-4,4.378076205777876e-4,FALSE
