.level,n,pct,pct_nonmiss,redacted
no,961477,0.9998928846273841,0.9998928846273841,FALSE
yes,103,1.07115372615903e-4,1.07115372615903e-4,FALSE
