.level,n,pct,pct_nonmiss,redacted
no,1640102,0.9716497349456976,0.9716497349456976,FALSE
yes,47854,0.028350265054302364,0.028350265054302364,FALSE
