.level,n,pct,pct_nonmiss,redacted
no,781959,0.8132022296636785,0.8132022296636785,FALSE
yes,179621,0.18679777033632147,0.18679777033632147,FALSE
