.level,n,pct,pct_nonmiss,redacted
no,2589206,0.9996382439116296,0.9996382439116296,FALSE
yes,937,3.6175608837041046e-4,3.6175608837041046e-4,FALSE
