.level,n,pct,pct_nonmiss,redacted
Black,9119,0.009483350319266207,0.012579058812169367,FALSE
Mixed,5253,0.005462884003411053,0.007246166897721865,FALSE
South Asian,42050,0.04373011085921088,0.0580052004662487,FALSE
White,659232,0.6855716633041452,0.9093670467007386,FALSE
Other,9281,0.009651823041244617,0.012802527123121384,FALSE
(missing),236645,0.24610016847272198,0,FALSE
