.level,n,pct,pct_nonmiss,redacted
no,1685304,0.998428868998955,0.998428868998955,FALSE
yes,2652,0.001571131001045051,0.001571131001045051,FALSE
