.level,n,pct,pct_nonmiss,redacted
no,957999,0.996275920880218,0.996275920880218,FALSE
yes,3581,0.0037240791197820254,0.0037240791197820254,FALSE
