.level,n,pct,pct_nonmiss,redacted
no,959626,0.9979679277855197,0.9979679277855197,FALSE
yes,1954,0.0020320722144803343,0.0020320722144803343,FALSE
