.level,n,pct,pct_nonmiss,redacted
no,1686440,0.9991018723236862,0.9991018723236862,FALSE
yes,1516,8.981276763138376e-4,8.981276763138376e-4,FALSE
