.level,n,pct,pct_nonmiss,redacted
no,84919,0.050308775821170694,0.050308775821170694,FALSE
yes,1603037,0.9496912241788293,0.9496912241788293,FALSE
