.level,n,pct,pct_nonmiss,redacted
no,1625172,0.9628047176585172,0.9628047176585172,FALSE
yes,62784,0.03719528234148284,0.03719528234148284,FALSE
