.level,n,pct,pct_nonmiss,redacted
no,1672500,0.9908433632156288,0.9908433632156288,FALSE
yes,15456,0.009156636784371156,0.009156636784371156,FALSE
