.level,n,pct,pct_nonmiss,redacted
1 least deprived,232549,0.1377695864110202,0.14075359027606707,FALSE
2,291898,0.17292986310069694,0.17667541676981377,FALSE
3,362435,0.21471827464696946,0.21936893941365634,FALSE
4,382583,0.22665460474088187,0.23156380302038954,FALSE
5 most deprived,382706,0.22672747393889414,0.23163825052007328,FALSE
(missing),35785,0.021200197161537385,0,FALSE
