.level,n,pct,pct_nonmiss,redacted
no,959517,0.9978545726824601,0.9978545726824601,FALSE
yes,2063,0.002145427317539882,0.002145427317539882,FALSE
