.level,n,pct,pct_nonmiss,redacted
no,949053,0.9869724827887435,0.9869724827887435,FALSE
yes,12527,0.013027517211256473,0.013027517211256473,FALSE
