.level,n,pct,pct_nonmiss,redacted
no,48643,0.05058653466170261,0.05058653466170261,FALSE
yes,912937,0.9494134653382974,0.9494134653382974,FALSE
