.level,n,pct,pct_nonmiss,redacted
no,1677171,0.9936106154425827,0.9936106154425827,FALSE
yes,10785,0.006389384557417373,0.006389384557417373,FALSE
