.level,n,pct,pct_nonmiss,redacted
Black,29274,0.011302078688319525,0.014833747408756036,FALSE
Mixed,14063,0.005429429958114282,0.007126015912049468,FALSE
South Asian,102619,0.03961904806028084,0.051999191273455474,FALSE
White,1804501,0.6966800674711783,0.9143783573426137,FALSE
Other,23016,0.008885995869726111,0.011662688063125261,FALSE
(missing),616670,0.23808337995238102,0,FALSE
