.level,n,pct,pct_nonmiss,redacted
no,1684481,0.9979412970480274,0.9979412970480274,FALSE
yes,3475,0.0020587029519726816,0.0020587029519726816,FALSE
