.level,n,pct,pct_nonmiss,redacted
no,960064,0.9984234281079057,0.9984234281079057,FALSE
yes,1516,0.0015765718920942614,0.0015765718920942614,FALSE
