.level,n,pct,pct_nonmiss,redacted
no,1666604,0.9873503811710732,0.9873503811710732,FALSE
yes,21352,0.012649618828926821,0.012649618828926821,FALSE
