.level,n,pct,pct_nonmiss,redacted
0-19,3271,0.0034016930468603757,0.0034016930468603757,FALSE
20-29,46932,0.048807171530189895,0.048807171530189895,FALSE
30-39,72156,0.07503899831527278,0.07503899831527278,FALSE
40-49,87947,0.09146092888787205,0.09146092888787205,FALSE
50-59,111223,0.11566692318891823,0.11566692318891823,FALSE
60-69,58356,0.06068761829488966,0.06068761829488966,FALSE
70-79,79631,0.0828126624929803,0.0828126624929803,FALSE
80+,502064,0.5221240042430167,0.5221240042430167,FALSE
