.level,n,pct,pct_nonmiss,redacted
no,960570,0.9989496453753198,0.9989496453753198,FALSE
yes,1010,0.001050354624680214,0.001050354624680214,FALSE
