.level,n,pct,pct_nonmiss,redacted
no,1687950,0.999996445404975,0.999996445404975,FALSE
yes,6,3.554595024988803e-6,3.554595024988803e-6,FALSE
