.level,n,pct,pct_nonmiss,redacted
no,882,5.225254686733541e-4,5.225254686733541e-4,FALSE
yes,1687074,0.9994774745313266,0.9994774745313266,FALSE
