.level,n,pct,pct_nonmiss,redacted
no,1686055,0.9988737858095827,0.9988737858095827,FALSE
yes,1901,0.0011262141904172858,0.0011262141904172858,FALSE
