.level,n,pct,pct_nonmiss,redacted
no,960701,0.999085879490006,0.999085879490006,FALSE
yes,879,9.141205099939682e-4,9.141205099939682e-4,FALSE
