.level,n,pct,pct_nonmiss,redacted
no,844346,0.8780819068616236,0.8780819068616236,FALSE
yes,117234,0.12191809313837643,0.12191809313837643,FALSE
