.level,n,pct,pct_nonmiss,redacted
no,1486227,0.880489183367339,0.880489183367339,FALSE
yes,201729,0.11951081663266104,0.11951081663266104,FALSE
