.level,n,pct,pct_nonmiss,redacted
no,1681482,0.9961645919680371,0.9961645919680371,FALSE
yes,6474,0.0038354080319629186,0.0038354080319629186,FALSE
