.level,n,pct,pct_nonmiss,redacted
PC,17458,0.018155535680858585,0.01835655328321329,FALSE
PN,15640,0.016264897356434202,0.016444981862152357,FALSE
PS,745,7.747665300859003e-4,7.833447242521424e-4,FALSE
U,917207,0.9538540735040246,0.9644151201303822,FALSE
(missing),10530,0.010950726928596685,0,FALSE
