.level,n,pct,pct_nonmiss,redacted
Black,17977,0.010650159127370619,0.014065387582524713,FALSE
Mixed,9193,0.005446232010787011,0.007192696670531773,FALSE
South Asian,68941,0.04084288926962551,0.05394013936289905,FALSE
White,1166504,0.6910748858382565,0.9126845901187856,FALSE
Other,15487,0.009175002192000266,0.012117186265258954,FALSE
(missing),409854,0.24281083156196015,0,FALSE
