.level,n,pct,pct_nonmiss,redacted
Not obese,1347640,0.7983857399126517,0.7983857399126517,FALSE
Obese I (30-34.9),224220,0.13283521608383156,0.13283521608383156,FALSE
Obese II (35-39.9),77770,0.04607347584889653,0.04607347584889653,FALSE
Obese III (40+),38326,0.022705568154620145,0.022705568154620145,FALSE
