.level,n,pct,pct_nonmiss,redacted
no,1687434,0.9996907502328259,0.9996907502328259,FALSE
yes,522,3.0924976717402585e-4,3.0924976717402585e-4,FALSE
