.level,n,pct,pct_nonmiss,redacted
no,2571212,0.9926911371302666,0.9926911371302666,FALSE
yes,18931,0.007308862869733447,0.007308862869733447,FALSE
