.level,n,pct,pct_nonmiss,redacted
no,2556086,0.9868513051209914,0.9868513051209914,FALSE
yes,34057,0.013148694879008611,0.013148694879008611,FALSE
