.level,n,pct,pct_nonmiss,redacted
Oxford/AZ,65023,0.06762099877285302,0.06762099877285302,FALSE
Oxford/AZ and Pfizer,298,3.0990661203436013e-4,3.0990661203436013e-4,FALSE
Pfizer,896259,0.9320690946151127,0.9320690946151127,FALSE
