.level,n,pct,pct_nonmiss,redacted
no,892834,0.9285072484868654,0.9285072484868654,FALSE
yes,68746,0.07149275151313464,0.07149275151313464,FALSE
