.level,n,pct,pct_nonmiss,redacted
no,1383487,0.8196226678894474,0.8196226678894474,FALSE
yes,304469,0.18037733211055265,0.18037733211055265,FALSE
