.level,n,pct,pct_nonmiss,redacted
no,1668477,0.9884600072513738,0.9884600072513738,FALSE
yes,19479,0.01153999274862615,0.01153999274862615,FALSE
