.level,n,pct,pct_nonmiss,redacted
PC,41735,0.016113009976669243,0.527796747350583,FALSE
PN,35587,0.013739395855750049,0.45004679161291955,FALSE
PS,1752,6.76410530229412e-4,0.022156461036497457,FALSE
(missing),2511069,0.9694711836373513,0,FALSE
