.level,n,pct,pct_nonmiss,redacted
no,961277,0.9996848936125959,0.9996848936125959,FALSE
yes,303,3.151063874040641e-4,3.151063874040641e-4,FALSE
