.level,n,pct,pct_nonmiss,redacted
no,957378,0.9956301087793007,0.9956301087793007,FALSE
yes,4202,0.004369891220699266,0.004369891220699266,FALSE
