.level,n,pct,pct_nonmiss,redacted
no,2589769,0.9998556064279076,0.9998556064279076,FALSE
yes,374,1.4439357209235167e-4,1.4439357209235167e-4,FALSE
