.level,n,pct,pct_nonmiss,redacted
no,953630,0.9917323571621706,0.9917323571621706,FALSE
yes,7950,0.008267642837829405,0.008267642837829405,FALSE
