.level,n,pct,pct_nonmiss,redacted
1 least deprived,362164,0.13982394022260547,0.14278049082419972,FALSE
2,452501,0.17470116514802464,0.1783951880320551,FALSE
3,564536,0.2179555337292188,0.22256416200376186,FALSE
4,583212,0.22516594643616203,0.22992703751494672,FALSE
5 most deprived,574096,0.22164644963617838,0.2263331216250366,FALSE
(missing),53634,0.020706964827810665,0,FALSE
