ethnicity,n,posPC_n,posPC_%,posSGSS_n,posSGSS_%,admitted_n,admitted_%,coviddeath_n,coviddeath_%,death_n,death_%
Black,3178,0,0,56,0.01732283464566929,-,-,0,0,0,0
Mixed,1953,0,5.125576627370579e-4,28,0.01486417221937468,-,-,0,0,0,0
South Asian,17339,21,0.0010959220164965104,294,0.017073311414893003,-,-,0,5.768010613139528e-5,7,2.3072042452558112e-4
White,270354,210,7.878588364101748e-4,2163,0.008004349868505251,-,-,14,6.288075220175105e-5,119,4.512618687419781e-4
Other,3507,0,8.55431993156544e-4,56,0.015112631879098944,-,-,0,0,0,0
(missing),98378,70,7.420584498094028e-4,812,0.008284625158831004,-,-,7,7.115628970775095e-5,49,5.184243964421855e-4
