ethnicity,n,posPC_n,posPC_%,posSGSS_n,posSGSS_%,admitted_n,admitted_%,coviddeath_n,coviddeath_%,death_n,death_%
Black,9119,-,-,62,0.006798991117447088,-,-,-,-,-,-
Mixed,5253,-,-,33,0.006282124500285551,-,-,-,-,-,-
South Asian,42050,17,4.042806183115339e-4,294,0.0069916765755053505,-,-,-,-,-,-
White,659232,129,1.95682248434542e-4,2349,0.003563237221494102,-,-,-,-,-,-
Other,9281,-,-,69,0.0074345436914125635,-,-,-,-,-,-
(missing),236645,51,2.1551268778127576e-4,926,0.003913034291871791,-,-,-,-,-,-
