ageband,n,posPC_n,posPC_%,posSGSS_n,posSGSS_%,admitted_n,admitted_%,coviddeath_n,coviddeath_%,death_n,death_%
under 18,0,0,NaN,0,NaN,-,-,0,NaN,0,NaN
18-49,72121,49,7.210205213533001e-4,1442,0.02002218524681087,-,-,0,0,0,0
50s,38759,42,0.0011095056249354938,658,0.016926411394364745,-,-,0,0,0,0
60s,17654,14,6.797326384955251e-4,287,0.016143650164268723,-,-,0,0,0,1.1328877308258752e-4
70s,32963,28,7.584031064191239e-4,182,0.005521174614731222,-,-,0,6.067224851352991e-5,21,5.763863608785341e-4
80+,233205,175,7.589921270647158e-4,847,0.00362343699078918,-,-,21,9.862609560727946e-5,154,6.689422136841564e-4
