ageband,n,posPC_n,posPC_%,posSGSS_n,posSGSS_%,admitted_n,admitted_%,coviddeath_n,coviddeath_%,death_n,death_%
0-19,3271,-,-,33,0.010088657902782024,-,-,-,-,-,-
20-29,46932,-,-,468,0.009971874200971618,-,-,-,-,-,-
30-39,72156,21,2.910360884749709e-4,634,0.008786518099672931,-,-,-,-,-,-
40-49,87947,15,1.7055726744516584e-4,646,0.007345332984638475,-,-,-,-,-,-
50-59,111223,41,3.686287908076567e-4,763,0.006860091887469318,-,-,-,-,-,-
60-69,58356,11,1.884981835629584e-4,368,0.006306121050106244,-,-,-,-,-,-
70-79,79631,8,1.0046338737426379e-4,124,0.0015571825043010888,-,-,-,-,-,-
80+,502064,92,1.8324357054080756e-4,697,0.0013882692246406834,-,-,-,-,10,1.9917779406609517e-5
