ethnicity,n,posPC_n,posPC_%,posSGSS_n,posSGSS_%,admitted_n,admitted_%,coviddeath_n,coviddeath_%,death_n,death_%
Black,3199,0,0,56,0.0172090112640801,-,-,0,0,0,0
Mixed,1967,0,5.083884087442806e-4,28,0.014743263853584139,-,-,0,0,0,0
South Asian,17437,21,0.0012041974883880955,301,0.01714547852514479,-,-,0,1.1468547508458054e-4,7,3.440564252537416e-4
White,271313,217,7.998112887650471e-4,2177,0.008016541719188837,-,-,42,1.548021849222672e-4,189,6.892382995348563e-4
Other,3542,0,8.46740050804403e-4,56,0.015241320914479255,-,-,0,0,0,0
(missing),98644,77,7.80576815854833e-4,826,0.008343048304526332,-,-,21,1.9260986365249126e-4,77,7.501647321202291e-4
