sex,n,posPC_n,posPC_%,posSGSS_n,posSGSS_%,admitted_n,admitted_%,coviddeath_n,coviddeath_%,death_n,death_%
Female,240331,182,7.697748928556568e-4,2394,0.00997378604418924,-,-,14,6.241418050181001e-5,77,3.203927932426247e-4
Male,154364,126,8.032961053095281e-4,1015,0.006575367313622347,-,-,7,6.478194397657485e-5,98,6.478194397657484e-4
Inter-sex,0,0,0,0,0,-,-,0,0,0,0
Unknown,0,0,0,0,0,-,-,0,0,0,0
