.level1,.level2,n,pct,pct_nonmiss,redacted
F,Oxford/AZ,44788,0.6888024237577473,0.6888024237577473,FALSE
M,Oxford/AZ,20235,0.31119757624225275,0.31119757624225275,FALSE
F,Oxford/AZ and Pfizer,200,0.6711409395973155,0.6711409395973155,FALSE
M,Oxford/AZ and Pfizer,98,0.3288590604026846,0.3288590604026846,FALSE
F,Pfizer,568026,0.6337743888764297,0.6337743888764297,FALSE
I,Pfizer,-,-,-,TRUE
M,Pfizer,328224,0.36621556938340366,0.36621556938340366,FALSE
U,Pfizer,-,-,-,TRUE
