.level1,.level2,n,pct,pct_nonmiss,redacted
Female,Ox-AZ,469938,0.6139820250144696,0.613981818514386,FALSE
Male,Ox-AZ,295456,0.38601797498553037,0.38601818148561395,FALSE
Female,P-B,1153866,0.6327504480217946,0.6327511419907105,FALSE
Male,P-B,669704,0.3672495519782054,0.36724885800928947,FALSE
Female,Unknown,763,0.6524701873935264,0.6526946107784432,FALSE
Male,Unknown,406,0.3475298126064736,0.3473053892215569,FALSE
Female,Not vaccinated,0,NaN,NaN,FALSE
Male,Not vaccinated,0,NaN,NaN,FALSE
