criteria,n,n_exclude,pct_exclude,pct_all,pct_step
c0_all,2011473,NA,NA,1,NA
c1_1yearfup,1956721,54752,0.027219853311478703,0.9727801466885213,0.9727801466885213
c2_notmissing,1502516,454205,0.23212558152133084,0.7469729894460427,0.7678744184786691
c3_previousvaccine,1475022,27494,0.018298640413812566,0.733304399313339,0.9817013595861874
c4_knownbrand,1474150,872,5.91177623113418e-4,0.7328708861615344,0.9994088223768866
c5_noncarehome,1461671,12479,0.00846521724383543,0.7266669748984947,0.9915347827561646
c6_nonendoflife,1444291,17380,0.011890500666702698,0.7180265407489934,0.9881094993332973
c7_nopriorcovid,1418760,25531,0.017677185553326858,0.70533385235596,0.9823228144466731
