criteria,n,n_exclude,pct_exclude,pct_all,pct_step
c0_all,1115736,NA,NA,1,NA
c1_1yearfup,1063630,52106,0.04670101170886303,0.953298988291137,0.953298988291137
c2_notmissing,994067,69563,0.06540150240215112,0.8909518022184459,0.9345984975978489
c3_previousvaccine,994046,21,2.112533662217939e-5,0.8909329805617099,0.9999788746633779
c4_knownbrand,993508,538,5.412224383982231e-4,0.890450787641521,0.9994587775616017
c5_noncarehome,934124,59384,0.0597720400842268,0.8372267274695806,0.9402279599157732
c6_nonendoflife,899604,34520,0.036954408622409875,0.8062875088730668,0.9630455913775902
c7_nopriorcovid,885304,14300,0.015895883077442965,0.7934708569052177,0.9841041169225571
