criteria,n,n_exclude,pct_exclude,pct_all,pct_step
c0_all,1114577,NA,NA,1,NA
c1_1yearfup,1062495,52082,0.04672804122101928,0.9532719587789807,0.9532719587789807
c2_notmissing,991111,71384,0.06718525734238749,0.8892261369111331,0.93281474265761255
c3_previousvaccine,991095,16,1.6143499567656903e-5,0.8892117816893763,0.9999838565004323
c4_knownbrand,990559,536,5.408159661788224e-4,0.8887308817605244,0.9994591840338212
c5_noncarehome,931238,59321,0.0598863873832856,0.8355079998959246,0.9401136126167144
c6_nonendoflife,896762,34476,0.03702168511164708,0.8045760858155157,0.962978314888353
c7_nopriorcovid,882496,14266,0.0159083458041264,0.791776611216632,0.9840916541958736
