criteria,n,n_exclude,pct_exclude,pct_all,pct_step
c0_all,1111708,NA,NA,1,NA
c1_1yearfup,1059738,51970,0.04674788703508475,0.9532521129649153,0.9532521129649153
c2_notmissing,750129,309609,0.2921561744506661,0.6747536223540714,0.7078438255493339
c3_previousvaccine,750124,5,6.665520197192749e-6,0.6747491247701735,0.9999933344798028
c4_knownbrand,749714,410,5.465762993851684e-4,0.6743803228905432,0.9994534237006149
c5_noncarehome,704419,45295,0.060416372109897906,0.633636710359195,0.9395836278901021
c6_nonendoflife,677906,26513,0.037638110272437283,0.6097878219820313,0.9623618897275628
c7_nopriorcovid,667024,10882,0.01605237304287025,0.5999992803865764,0.9839476269571298
