n,alive_unvax,vaxany,vaxpfizer,vaxaz,vaxpfizer_pct,vaxaz_pct,dead_unvax,dereg_unvax,pt_days,pt_years,pt_days_vax,pt_years_vax,pt_pct_vax,fup_min,fup_q1,fup_median,fup_q3,max_fup
2610034,172273,2437761,1318152,1120020,0.5407224088005346,0.4594461885311973,18164,10743,199789765,546994.5653661876,74277779,203361.47570157427,0.3717797005267012,1,77,77,77,77
