n,alive_unvax,vaxany,vaxpfizer,vaxaz,vaxpfizer_pct,vaxaz_pct,dead_unvax,dereg_unvax,pt_days,pt_years,pt_days_vax,pt_years_vax,pt_pct_vax,fup_min,fup_q1,fup_median,fup_q3,max_fup
1617088,69846,1547242,630892,918734,0.4077526333954223,0.5937881727615978,4170,6591,168846538,462276.62696783023,121293705,332084.0657084189,0.7183665501036213,1,105,105,105,105
