n,alive_unvax,vaxany,vaxpfizer,vaxaz,vaxpfizer_pct,vaxaz_pct,dead_unvax,dereg_unvax,pt_days,pt_years,pt_days_vax,pt_years_vax,pt_pct_vax,fup_min,fup_q1,fup_median,fup_q3,max_fup
1418712,74400,1344312,565339,779171,0.4205415111968055,0.5796057760400859,3129,5298,97508073,266962.5544147844,59663162,163348.8350444901,0.6118792030686526,1,69,69,69,69
