n,alive_unvax,vaxany,vaxpfizer,vaxaz,vaxpfizer_pct,vaxaz_pct,dead_unvax,dereg_unvax,pt_days,pt_years,pt_days_vax,pt_years_vax,pt_pct_vax,fup_min,fup_q1,fup_median,fup_q3,max_fup
1695438,79166,1616272,679070,937773,0.4201458665373155,0.5802074155835156,4227,6267,138386010,378880.24640657083,92478963,253193.60164271048,0.6682681508051284,1,82,82,82,82
