n,alive_unvax,vaxany,vaxpfizer,vaxaz,vaxpfizer_pct,vaxaz_pct,dead_unvax,dereg_unvax,pt_days,pt_years,pt_days_vax,pt_years_vax,pt_pct_vax,fup_min,fup_q1,fup_median,fup_q3,max_fup
1606497,68202,1538295,626929,914505,0.40754796706743507,0.594492603824364,4164,6622,178880403,489747.8521560575,131196707,359197.0075290897,0.7334325325731741,1,112,112,112,112
