.level1,.level2,n,pct,pct_nonmiss,redacted
Female,Ox-AZ,1135911,0.5712279932432738,0.5712289273682839,FALSE
Male,Ox-AZ,852628,0.42877200675672617,0.42877107263171604,FALSE
Female,P-B,1615579,0.6150593176396597,0.6150584686230826,FALSE
Male,P-B,1011129,0.3849406823603403,0.38494153137691745,FALSE
Female,Unknown,1176,0.6238726790450928,0.6245353159851301,FALSE
Male,Unknown,707,0.37612732095490714,0.3754646840148699,FALSE
